,Cabin Staff Service,Food & Beverages,Ground Service,Inflight Entertainment,Seat Comfort,Value For Money,Recommended
0,0.5,0.5,0.0,0.5,0.75,0.0,0
1,0.25,0.0,0.5,1.0,0.75,0.0,0
2,0.25,0.0,0.5,0.0,0.5,0.25,0
3,0.0,0.25,0.0,0.5,0.25,0.0,0
4,0.0,0.0,0.0,0.5,0.25,0.25,0
5,1.0,0.75,0.75,0.5,0.75,0.75,1
6,0.75,0.0,0.0,0.5,0.0,0.0,0
7,1.0,0.25,0.75,0.5,0.25,0.0,0
8,0.0,0.0,0.25,0.0,0.25,0.25,0
9,0.5,0.75,0.5,0.5,0.5,0.25,0
10,0.0,0.0,0.0,0.0,0.0,0.0,0
11,0.0,0.0,0.75,0.75,0.0,0.0,0
12,0.5,0.25,0.25,0.5,0.75,0.5,0
13,0.25,0.5,0.75,0.5,0.25,0.5,0
14,0.0,1.0,0.0,1.0,0.75,0.0,0
15,0.25,0.25,0.5,0.25,0.5,0.25,0
16,1.0,0.5,0.75,1.0,0.75,1.0,1
17,0.5,0.5,0.5,0.0,0.5,0.0,0
18,0.0,0.5,0.0,0.75,0.5,0.0,1
19,0.75,0.0,0.75,0.0,0.0,0.25,0
20,0.75,0.25,0.5,0.5,0.75,0.5,1
21,1.0,0.75,0.0,0.75,0.75,0.25,0
22,0.25,0.0,0.0,0.0,0.5,0.25,0
23,0.0,0.0,0.0,0.0,0.0,0.0,0
24,0.75,0.75,0.0,0.75,0.75,0.0,0
25,0.0,0.0,0.0,0.0,0.0,0.0,0
26,0.25,0.0,0.5,0.0,0.0,0.0,0
27,1.0,1.0,1.0,1.0,1.0,1.0,1
28,0.25,0.0,0.5,0.0,0.0,0.0,0
29,1.0,1.0,1.0,0.75,0.5,0.75,1
30,0.5,0.25,0.75,0.5,0.25,0.5,1
31,0.75,0.0,0.0,0.0,0.0,0.0,0
32,1.0,0.75,1.0,0.75,1.0,1.0,1
33,1.0,0.75,1.0,0.5,1.0,1.0,1
34,0.75,0.0,0.75,0.0,0.75,0.0,0
35,1.0,0.75,1.0,0.5,0.75,0.75,1
36,1.0,1.0,0.75,0.75,0.75,0.75,1
37,1.0,1.0,1.0,1.0,1.0,0.75,1
38,1.0,0.75,0.75,0.5,0.75,1.0,1
39,1.0,1.0,0.75,1.0,0.5,0.75,1
40,0.75,0.0,0.5,0.0,0.5,0.0,0
41,0.0,0.0,0.0,0.5,0.0,0.25,0
42,0.25,0.5,0.5,0.75,0.5,0.25,0
43,0.25,0.0,0.0,0.0,0.0,0.0,0
44,1.0,0.25,0.25,0.0,0.25,0.0,0
45,0.5,0.0,1.0,0.0,1.0,0.75,0
46,0.75,0.75,0.75,0.25,0.5,0.5,0
47,0.75,0.75,0.25,0.25,0.5,0.5,0
48,0.5,0.25,0.0,0.25,0.75,0.25,0
49,0.25,0.0,0.5,0.0,0.25,0.0,0
50,0.75,1.0,0.0,0.5,0.75,0.75,1
51,0.0,0.0,0.0,0.0,0.0,0.0,0
52,1.0,0.75,0.5,0.75,0.25,1.0,1
53,1.0,0.5,1.0,0.5,1.0,0.5,0
54,0.0,0.0,0.0,0.5,0.0,0.0,0
55,0.0,0.25,0.5,0.25,0.25,0.25,0
56,0.75,0.75,0.75,0.75,0.75,0.75,1
57,0.0,0.0,0.0,0.0,0.0,0.0,0
58,0.25,0.0,0.0,0.75,0.75,0.0,0
59,1.0,0.25,0.25,0.25,0.25,0.0,0
60,0.5,0.5,0.25,0.0,0.0,0.5,1
61,0.5,0.5,0.0,0.25,0.5,0.0,0
62,0.0,0.0,0.0,0.25,0.5,0.0,0
63,0.75,1.0,0.5,1.0,1.0,1.0,1
64,1.0,1.0,0.75,0.5,0.5,1.0,1
65,0.25,0.0,0.25,0.0,0.0,0.25,0
66,0.75,0.75,1.0,1.0,1.0,0.75,1
67,0.0,0.0,0.5,0.75,0.5,0.0,0
68,1.0,1.0,0.25,0.5,0.5,1.0,1
69,0.0,0.5,0.0,0.5,0.0,0.0,0
70,0.75,0.5,0.75,0.75,0.5,0.75,1
71,1.0,0.5,0.75,0.25,1.0,0.5,1
72,0.75,0.75,0.75,0.25,0.75,0.5,1
73,0.0,0.0,0.75,0.5,0.0,0.0,0
74,1.0,1.0,1.0,1.0,1.0,0.75,1
75,0.75,0.0,0.5,0.5,0.25,0.0,0
76,0.75,0.25,0.75,0.75,0.25,0.5,1
77,0.5,0.25,0.5,0.0,0.0,0.25,0
78,0.75,0.75,1.0,0.75,1.0,1.0,1
79,1.0,1.0,1.0,1.0,1.0,1.0,1
80,1.0,1.0,1.0,1.0,1.0,1.0,1
81,0.5,0.25,0.75,1.0,0.0,0.25,1
82,0.0,0.25,0.0,0.0,0.75,0.0,0
83,1.0,1.0,0.75,0.0,0.5,0.5,1
84,1.0,1.0,0.5,1.0,1.0,0.75,1
85,1.0,1.0,1.0,1.0,1.0,1.0,1
86,1.0,1.0,1.0,1.0,1.0,0.5,1
87,0.0,0.0,0.75,0.5,0.25,0.5,0
88,0.0,0.0,0.0,0.0,0.0,0.0,0
89,1.0,0.75,0.75,0.75,0.75,0.75,1
90,0.25,0.5,0.5,0.0,0.0,0.5,1
91,0.75,0.75,1.0,1.0,0.75,0.75,1
92,0.0,0.0,0.0,0.0,0.0,0.0,0
93,0.5,0.5,0.0,0.25,0.5,0.25,0
94,0.5,0.5,0.25,0.25,0.0,0.75,0
95,0.0,0.0,0.0,0.0,0.0,0.0,0
96,0.75,0.75,0.5,0.25,0.5,0.0,0
97,0.25,0.0,0.0,0.0,0.25,0.25,0
98,0.25,0.25,0.25,0.25,0.25,0.25,0
99,0.75,0.0,0.5,0.25,0.0,0.25,0
100,0.75,0.0,0.25,0.0,0.0,0.0,0
101,0.25,0.25,0.25,0.5,0.5,0.5,0
102,0.75,0.75,0.0,0.5,0.0,0.0,0
103,0.25,0.0,0.25,0.5,0.0,0.5,0
104,0.75,0.5,0.25,1.0,0.75,0.75,1
105,0.5,0.25,0.5,0.75,0.75,0.5,0
106,0.0,0.0,0.0,0.0,0.0,0.0,0
107,1.0,0.5,0.25,0.75,0.75,1.0,1
108,1.0,1.0,1.0,0.5,0.75,0.5,1
109,1.0,0.0,0.5,0.5,0.0,0.0,0
110,0.25,0.0,0.0,0.0,0.5,0.5,0
111,0.25,0.25,0.0,0.25,0.0,0.25,0
112,0.75,0.5,0.5,0.5,0.25,0.25,0
113,0.75,0.75,0.75,0.5,1.0,0.75,1
114,0.75,0.75,0.0,0.75,0.5,0.0,0
115,1.0,1.0,1.0,1.0,1.0,1.0,1
116,1.0,1.0,1.0,1.0,1.0,1.0,1
117,0.0,0.0,0.0,0.0,0.0,0.0,0
118,0.5,0.0,0.0,0.5,0.5,0.0,0
119,1.0,1.0,0.5,0.75,1.0,0.75,1
120,1.0,0.75,0.75,0.5,0.75,0.5,1
121,0.75,0.25,0.25,0.5,0.25,0.25,0
122,1.0,0.75,1.0,1.0,1.0,0.75,1
123,0.25,0.25,0.25,0.0,0.5,0.25,0
124,1.0,1.0,0.75,1.0,1.0,1.0,1
125,0.75,0.75,0.25,0.75,0.75,1.0,1
126,0.5,0.5,0.75,0.0,0.25,0.5,1
127,1.0,0.75,0.0,0.5,0.75,0.75,0
128,0.0,0.0,0.0,0.0,0.0,0.0,0
129,1.0,0.75,0.75,0.25,0.75,0.75,1
130,0.0,0.25,0.0,0.0,0.25,0.0,0
131,0.0,0.0,0.5,0.25,0.25,0.25,0
132,0.0,0.0,0.0,0.0,0.75,0.5,0
133,0.0,0.0,0.25,0.75,1.0,0.25,0
134,0.75,0.5,0.5,0.0,0.5,0.5,0
135,1.0,0.25,0.0,0.5,0.5,0.25,0
136,0.5,0.25,0.25,0.5,0.5,0.5,1
137,0.75,0.0,0.25,0.0,0.5,0.0,0
138,0.5,0.25,0.5,0.0,0.5,0.5,0
139,1.0,1.0,0.75,1.0,0.75,1.0,1
140,0.5,0.25,0.5,0.5,0.5,0.25,0
141,1.0,0.75,1.0,0.75,0.75,0.75,1
142,0.25,0.0,0.0,0.0,0.0,0.0,0
143,1.0,1.0,1.0,0.75,0.75,0.75,1
144,1.0,0.75,1.0,0.75,0.75,1.0,1
145,0.75,0.25,0.5,0.75,0.5,0.5,1
146,0.75,0.5,0.5,0.0,0.25,0.5,0
147,0.0,0.0,0.0,0.25,0.25,0.0,0
148,0.5,0.25,0.75,1.0,0.5,0.5,1
149,1.0,0.75,1.0,0.5,0.75,0.75,1
150,0.75,0.0,0.25,0.0,0.0,0.0,0
151,1.0,1.0,0.75,0.5,0.75,0.75,1
152,0.25,0.5,0.0,0.0,0.0,0.25,0
153,0.25,0.5,0.0,0.75,0.75,0.75,1
154,1.0,0.5,1.0,0.25,0.0,0.5,0
155,0.25,0.25,0.25,0.5,0.0,0.0,0
156,0.0,0.0,0.0,0.0,0.0,0.0,0
157,0.25,0.25,0.0,0.25,0.0,0.0,0
158,0.25,0.25,0.0,0.25,0.25,0.0,0
159,0.75,0.25,0.5,0.5,0.25,0.5,1
160,1.0,1.0,0.5,0.75,0.75,1.0,1
161,1.0,0.5,0.75,0.25,0.5,0.75,1
162,1.0,1.0,1.0,1.0,1.0,1.0,1
163,1.0,1.0,1.0,1.0,1.0,1.0,1
164,0.75,0.75,0.75,0.5,0.25,0.0,0
165,0.75,0.5,0.75,0.5,0.5,0.75,1
166,0.0,0.0,0.0,0.5,0.0,0.0,0
167,0.0,0.0,0.5,0.25,0.5,0.75,0
168,0.5,0.5,0.5,0.5,0.5,0.5,1
169,1.0,0.75,0.5,0.5,0.5,0.75,1
170,0.75,0.0,0.5,0.0,1.0,0.25,1
171,1.0,0.75,0.75,0.75,0.75,0.75,1
172,1.0,1.0,0.75,0.75,0.75,0.75,1
173,1.0,0.75,0.75,0.75,1.0,1.0,1
174,0.25,0.5,0.5,0.5,0.0,0.0,0
175,1.0,0.75,0.75,0.5,0.75,0.75,1
176,1.0,1.0,1.0,1.0,1.0,0.5,0
177,1.0,0.0,0.5,0.25,0.25,0.5,0
178,0.0,0.0,1.0,1.0,0.75,1.0,0
179,1.0,0.5,0.75,0.5,0.5,0.75,1
180,0.0,0.0,0.0,0.0,0.0,0.0,0
181,1.0,1.0,1.0,1.0,1.0,1.0,1
182,1.0,0.0,1.0,1.0,1.0,0.25,0
183,1.0,1.0,0.75,1.0,1.0,1.0,1
184,1.0,1.0,1.0,1.0,1.0,1.0,1
185,1.0,1.0,1.0,0.25,1.0,1.0,1
186,0.0,0.0,0.0,0.25,0.0,0.0,0
187,0.5,0.25,0.0,0.0,0.25,0.25,0
188,0.0,0.0,0.0,0.0,0.0,0.0,0
189,0.0,0.0,0.0,0.0,0.0,0.0,0
190,1.0,0.75,0.75,1.0,0.5,0.75,1
191,1.0,1.0,1.0,0.5,1.0,1.0,1
192,1.0,1.0,1.0,0.75,0.75,1.0,1
193,1.0,1.0,0.25,0.75,0.75,0.75,1
194,1.0,1.0,0.75,1.0,0.75,1.0,1
195,1.0,0.0,0.25,0.5,0.5,0.5,0
196,0.5,0.0,0.0,0.0,0.0,0.25,0
197,0.75,0.5,0.75,0.0,0.0,0.0,0
198,0.75,0.75,1.0,0.5,0.75,0.75,1
199,0.5,0.25,0.5,0.0,0.25,0.25,0
200,0.75,0.5,0.5,0.5,0.5,0.5,1
201,0.25,0.25,0.75,0.75,0.25,0.0,0
202,1.0,1.0,0.0,0.5,1.0,0.5,0
203,1.0,1.0,1.0,1.0,1.0,1.0,1
204,1.0,0.75,0.5,0.75,0.5,1.0,1
205,0.75,0.75,0.75,0.0,0.25,0.25,0
206,1.0,1.0,0.0,0.25,0.25,0.5,1
207,0.0,0.0,0.0,0.0,0.0,0.0,0
208,1.0,0.75,0.75,0.5,0.75,0.5,1
209,1.0,1.0,0.75,0.75,0.75,0.75,1
210,0.0,0.25,0.25,0.5,0.0,0.5,0
211,0.75,0.75,0.0,0.75,0.5,0.25,0
212,1.0,0.5,1.0,0.75,0.75,0.75,1
213,0.75,0.75,0.75,0.5,0.75,0.75,1
214,1.0,0.75,0.0,0.25,0.25,1.0,1
215,0.0,0.0,0.5,0.25,0.5,0.25,0
216,0.5,0.25,0.75,0.0,0.0,0.25,1
217,0.5,0.0,0.25,0.0,0.0,0.0,0
218,0.0,0.0,1.0,0.0,0.25,0.0,0
219,0.75,0.5,0.0,0.75,0.5,0.5,0
220,0.5,0.25,0.0,0.25,0.0,0.0,0
221,1.0,1.0,0.75,1.0,1.0,1.0,1
222,0.5,0.25,0.75,0.0,0.5,0.5,1
223,1.0,0.75,0.75,0.5,0.5,0.75,1
224,1.0,1.0,0.75,0.25,1.0,1.0,1
225,0.25,0.0,1.0,0.0,0.25,1.0,0
226,0.0,0.0,0.0,0.0,0.0,0.0,0
227,0.0,0.0,0.0,0.0,0.0,0.0,0
228,1.0,0.75,1.0,0.75,0.5,0.75,1
229,1.0,1.0,1.0,0.0,0.75,1.0,1
230,0.5,0.5,0.25,0.5,0.0,0.0,0
231,0.5,0.5,0.5,0.5,0.5,0.75,1
232,1.0,1.0,1.0,1.0,0.75,1.0,1
233,0.75,0.75,0.5,0.25,0.5,0.75,1
234,0.75,0.5,0.0,0.0,0.0,0.0,0
235,0.25,0.5,0.5,0.5,0.5,0.25,0
236,0.25,0.25,0.75,0.5,0.75,0.5,0
237,0.5,0.5,0.5,0.5,0.5,0.5,1
238,1.0,0.75,1.0,0.75,1.0,1.0,1
239,0.5,0.25,0.5,0.0,0.25,0.25,0
240,0.25,0.5,0.5,0.25,0.75,0.5,0
241,0.0,0.0,0.25,0.0,0.0,0.0,0
242,0.75,0.0,0.0,0.0,0.0,0.25,0
243,1.0,1.0,1.0,1.0,1.0,1.0,1
244,0.25,0.25,0.25,0.0,0.25,0.5,0
245,0.0,0.0,0.0,0.0,0.0,0.0,0
246,0.75,0.75,0.75,0.75,0.75,0.5,1
247,1.0,0.5,1.0,1.0,0.75,1.0,1
248,1.0,1.0,1.0,1.0,1.0,1.0,1
249,1.0,1.0,0.75,1.0,1.0,1.0,1
250,0.75,0.75,0.5,0.0,0.25,0.25,0
251,0.75,0.75,1.0,1.0,0.75,1.0,1
252,1.0,1.0,1.0,1.0,0.5,1.0,1
253,1.0,1.0,1.0,0.75,1.0,0.75,1
254,0.5,0.5,0.25,0.25,0.25,0.25,0
255,0.0,0.0,0.5,0.75,0.75,0.25,0
256,0.0,0.25,0.25,0.5,1.0,0.0,0
257,1.0,1.0,1.0,1.0,1.0,1.0,1
258,0.75,0.75,0.75,0.75,0.75,0.75,1
259,0.25,0.0,0.0,0.0,0.0,0.0,0
260,0.5,0.0,0.75,0.0,0.0,0.0,0
261,0.75,0.75,0.75,0.75,1.0,0.5,1
262,1.0,1.0,1.0,0.75,1.0,0.75,1
263,1.0,0.0,0.0,0.0,0.75,0.25,0
264,1.0,1.0,1.0,0.5,1.0,0.75,1
265,1.0,1.0,1.0,1.0,1.0,1.0,1
266,0.75,0.5,0.75,0.75,1.0,0.75,1
267,0.5,0.0,0.5,0.5,0.5,0.5,0
268,1.0,1.0,0.25,1.0,1.0,1.0,1
269,1.0,0.75,0.75,0.75,1.0,0.75,1
270,1.0,0.75,0.5,0.25,0.75,1.0,1
271,0.75,0.75,0.75,0.0,0.75,0.75,1
272,0.75,0.75,0.5,0.5,0.5,0.5,1
273,0.75,0.0,0.0,0.0,0.0,0.5,0
274,1.0,0.5,0.0,0.5,0.5,0.0,0
275,0.75,0.0,0.0,0.0,0.5,0.25,0
276,0.5,0.75,0.75,0.0,0.25,0.5,0
277,1.0,1.0,1.0,1.0,1.0,1.0,1
278,0.25,0.25,0.0,0.75,0.0,0.25,0
279,1.0,0.5,1.0,0.5,0.75,0.75,1
280,0.5,0.0,0.5,0.75,0.25,0.0,0
281,0.75,1.0,0.75,1.0,0.5,0.75,1
282,0.25,0.0,0.75,0.25,0.75,0.5,0
283,1.0,0.75,1.0,0.5,1.0,1.0,1
284,0.5,0.5,0.0,0.75,0.5,0.5,0
285,1.0,1.0,1.0,1.0,1.0,1.0,1
286,0.0,0.0,0.0,0.0,0.0,0.0,0
287,0.5,0.75,1.0,0.0,0.0,0.0,0
288,0.75,0.5,0.0,0.5,0.5,0.5,0
289,1.0,1.0,1.0,1.0,0.75,1.0,1
290,0.75,0.25,0.0,0.25,0.25,0.5,0
291,1.0,0.75,1.0,0.75,0.75,0.75,1
292,1.0,1.0,1.0,0.5,0.75,0.75,1
293,0.25,0.25,0.0,0.0,0.0,0.0,0
294,0.75,0.5,0.0,0.5,0.0,0.0,0
295,0.25,0.0,0.0,0.0,0.25,0.0,0
296,0.0,0.0,0.0,0.0,0.0,0.0,0
297,1.0,0.75,0.75,0.25,0.5,0.75,1
298,0.5,0.5,0.25,0.5,0.75,0.5,1
299,0.75,0.75,0.0,0.75,0.5,0.5,0
300,0.0,0.5,0.5,0.25,0.0,0.25,0
301,0.5,0.0,0.5,0.0,0.0,0.25,0
302,1.0,1.0,1.0,1.0,0.75,1.0,1
303,0.75,0.5,0.75,1.0,0.0,0.5,1
304,1.0,0.5,1.0,1.0,1.0,1.0,1
305,0.75,0.0,0.5,0.5,0.5,0.5,1
306,0.0,0.0,0.0,0.0,0.0,0.0,0
307,0.0,0.0,0.5,0.75,0.5,0.5,0
308,1.0,1.0,1.0,1.0,1.0,1.0,1
309,0.25,0.25,0.0,0.25,0.0,0.5,0
310,0.5,0.5,0.5,0.75,0.5,0.75,1
311,1.0,1.0,1.0,0.0,1.0,1.0,1
312,1.0,1.0,0.5,1.0,0.75,1.0,1
313,0.25,0.25,0.5,0.75,0.25,0.5,0
314,0.0,0.25,0.0,0.0,0.0,0.0,0
315,0.75,0.75,0.5,0.25,0.25,0.5,0
316,0.75,0.0,0.5,1.0,0.5,0.5,0
317,0.75,0.25,0.5,0.5,0.5,0.25,0
318,0.0,0.0,0.0,0.0,0.0,0.0,0
319,1.0,1.0,1.0,0.5,1.0,1.0,1
320,0.5,0.75,0.5,0.5,0.75,0.75,1
321,1.0,0.75,0.75,0.75,0.75,0.75,1
322,1.0,1.0,1.0,1.0,0.75,1.0,1
323,1.0,1.0,1.0,1.0,0.75,0.75,1
324,0.75,0.75,0.75,0.5,0.5,0.5,1
325,0.75,0.75,0.75,0.0,0.25,0.5,0
326,1.0,0.75,0.75,0.75,0.0,0.25,0
327,0.0,0.25,0.5,0.75,0.5,0.5,0
328,0.75,0.5,0.75,0.5,0.75,0.75,1
329,0.75,0.75,0.5,0.5,0.75,0.5,1
330,1.0,0.75,0.75,0.5,0.75,0.75,1
331,0.75,0.75,0.5,0.75,0.75,0.75,1
332,0.0,0.0,0.5,0.0,0.25,0.25,0
333,1.0,1.0,0.0,1.0,1.0,1.0,1
334,1.0,1.0,1.0,1.0,1.0,1.0,1
335,1.0,0.75,1.0,0.25,0.5,1.0,1
336,0.25,0.5,0.5,0.5,0.75,0.25,0
337,0.5,0.75,0.75,0.0,0.25,0.25,0
338,0.75,0.5,1.0,0.0,0.5,0.75,1
339,1.0,1.0,0.75,0.75,1.0,0.75,1
340,1.0,1.0,1.0,1.0,1.0,1.0,1
341,0.25,0.0,0.0,0.0,0.0,0.0,0
342,0.75,0.25,0.75,0.25,1.0,0.5,1
343,1.0,0.75,0.75,0.75,0.5,0.75,1
344,1.0,0.25,0.75,0.5,0.75,0.75,1
345,0.25,0.0,0.25,0.0,0.25,0.25,0
346,1.0,1.0,0.75,1.0,0.75,1.0,1
347,0.25,0.25,0.0,0.25,0.25,0.0,0
348,0.0,0.0,0.5,0.0,0.25,0.0,0
349,1.0,0.5,1.0,0.75,0.75,0.75,1
350,0.25,0.0,0.0,0.0,0.0,0.0,0
351,0.5,0.25,0.25,0.0,0.0,0.25,0
352,0.25,0.0,0.0,0.75,0.0,0.0,0
353,0.0,0.0,0.0,0.0,0.0,0.0,0
354,0.25,0.0,0.0,0.0,0.0,0.0,0
355,0.0,0.0,0.75,0.5,0.25,0.0,0
356,0.5,0.5,0.5,0.25,0.5,0.5,1
357,1.0,1.0,1.0,1.0,1.0,1.0,1
358,0.75,0.5,0.25,0.5,1.0,0.75,1
359,1.0,0.75,1.0,1.0,0.75,0.75,1
360,0.75,0.75,0.5,0.75,0.75,0.5,1
361,1.0,1.0,1.0,1.0,1.0,1.0,1
362,0.0,0.0,0.25,0.0,0.0,0.25,0
363,0.75,0.5,0.5,0.5,0.25,0.0,0
364,1.0,0.0,0.0,0.0,0.5,0.25,0
365,0.75,1.0,0.75,1.0,1.0,1.0,1
366,0.5,1.0,1.0,1.0,0.75,0.75,1
367,1.0,1.0,1.0,1.0,1.0,0.75,1
368,0.5,0.5,0.0,0.0,0.5,0.25,0
369,0.75,0.75,0.75,0.25,0.5,0.75,1
370,0.5,0.5,0.5,0.75,0.5,0.5,1
371,0.0,0.5,0.0,0.0,0.5,0.0,0
372,0.5,0.25,0.75,0.5,0.5,0.75,1
373,0.75,0.5,0.5,0.25,0.5,0.5,1
374,0.5,0.5,0.5,0.5,0.75,0.5,1
375,0.75,0.75,0.5,0.5,0.5,0.5,1
376,1.0,0.75,0.75,1.0,0.75,0.75,1
377,0.0,0.0,0.5,0.0,0.0,0.0,0
378,0.75,0.5,0.0,0.0,0.0,0.25,0
379,0.75,0.0,0.5,0.5,0.5,0.5,0
380,0.25,0.25,0.75,0.5,0.0,0.0,0
381,1.0,0.25,1.0,0.0,0.0,0.0,0
382,0.25,0.0,0.5,0.0,0.0,0.0,0
383,0.5,0.5,0.75,0.75,0.5,0.25,1
384,0.75,0.5,0.5,0.5,0.5,0.25,0
385,0.25,0.25,0.25,0.0,0.25,0.0,0
386,0.0,0.0,0.0,0.0,0.0,0.0,0
387,0.75,0.5,0.75,0.25,0.75,0.0,0
388,0.75,0.0,1.0,0.0,0.0,0.5,0
389,1.0,0.75,0.75,0.75,0.0,0.75,1
390,0.5,1.0,0.75,1.0,0.25,0.75,1
391,1.0,1.0,1.0,1.0,1.0,1.0,1
392,0.75,0.75,0.75,0.75,0.75,0.5,1
393,1.0,1.0,1.0,0.5,1.0,0.75,1
394,0.5,0.25,0.25,0.0,0.0,0.25,0
395,0.0,0.0,0.25,0.5,0.0,0.0,0
396,0.75,0.5,1.0,0.0,0.0,0.0,0
397,0.25,0.0,0.0,0.75,0.25,0.25,0
398,1.0,0.25,0.5,0.25,0.25,0.5,0
399,1.0,1.0,1.0,1.0,1.0,1.0,1
400,1.0,1.0,0.75,1.0,0.75,0.75,1
401,0.0,0.0,0.25,0.0,0.0,0.0,0
402,0.5,0.5,0.5,0.25,0.75,0.5,0
403,0.25,0.25,0.0,0.0,0.25,0.0,0
404,0.0,0.0,0.5,0.5,0.25,0.0,0
405,1.0,0.75,1.0,0.75,0.75,1.0,1
406,0.0,0.0,0.5,0.0,0.0,0.0,0
407,0.75,0.75,0.75,0.0,0.5,0.75,1
408,0.5,0.0,0.5,0.0,0.25,0.0,0
409,1.0,1.0,1.0,0.5,1.0,1.0,1
410,0.75,0.75,0.25,0.75,0.25,0.25,0
411,1.0,1.0,0.75,0.75,1.0,0.75,1
412,1.0,0.75,0.75,0.0,0.75,0.0,0
413,1.0,0.75,1.0,0.25,1.0,0.75,1
414,0.5,0.25,1.0,0.5,0.25,0.25,0
415,1.0,0.75,0.75,0.75,0.5,1.0,1
416,0.25,0.0,0.0,0.0,0.0,0.0,0
417,0.25,0.25,0.5,0.5,0.0,0.0,0
418,0.0,0.0,0.0,0.0,0.0,0.0,0
419,0.5,0.25,0.5,0.25,0.75,0.5,1
420,0.5,0.25,0.5,0.0,0.5,0.25,0
421,0.0,0.0,0.5,0.0,0.25,0.5,0
422,0.25,0.5,0.25,0.0,0.0,0.0,0
423,0.75,0.75,0.75,0.5,0.75,1.0,1
424,0.0,0.25,0.25,0.5,0.0,0.0,0
425,1.0,0.75,1.0,0.75,1.0,1.0,1
426,0.25,0.25,0.0,0.5,0.5,0.25,0
427,0.5,0.5,0.25,0.25,0.0,0.0,0
428,0.25,0.0,0.75,0.0,0.25,0.25,0
429,1.0,0.5,0.5,0.25,0.75,0.5,1
430,0.0,0.0,0.5,0.0,0.0,0.5,0
431,1.0,0.5,0.0,0.25,0.0,0.25,0
432,0.0,0.0,0.0,0.0,0.0,0.0,0
433,1.0,1.0,0.75,0.75,1.0,1.0,1
434,1.0,1.0,0.75,0.75,1.0,1.0,1
435,0.75,0.5,1.0,0.5,0.5,0.75,1
436,0.75,0.75,0.0,0.5,0.75,0.5,0
437,0.0,0.0,0.5,0.0,0.0,0.0,0
438,1.0,1.0,0.5,0.75,1.0,1.0,1
439,0.75,0.5,0.75,0.5,0.75,0.5,1
440,0.75,0.25,0.0,0.5,0.5,0.5,0
441,1.0,1.0,0.75,0.5,0.75,0.75,1
442,1.0,1.0,0.75,0.25,0.5,0.75,1
443,1.0,1.0,1.0,0.75,0.75,1.0,1
444,0.5,0.25,0.75,0.0,0.5,0.25,0
445,1.0,0.5,0.75,1.0,1.0,0.5,1
446,0.5,0.25,0.25,0.0,0.0,0.5,0
447,1.0,1.0,1.0,0.75,1.0,1.0,1
448,0.0,0.0,0.75,0.5,0.5,0.5,0
449,0.0,0.0,0.0,0.0,0.0,0.0,0
450,0.5,0.5,0.0,0.5,0.75,0.0,0
451,1.0,0.25,0.75,0.25,0.5,0.5,1
452,1.0,0.75,0.75,0.0,0.75,0.75,0
453,1.0,0.25,0.25,0.25,0.25,0.25,0
454,1.0,0.75,0.75,0.75,0.75,1.0,1
455,0.75,0.75,0.75,0.25,0.75,0.75,0
456,0.0,0.0,0.0,0.75,0.5,0.5,0
457,1.0,1.0,0.0,0.5,0.5,0.25,0
458,1.0,0.75,1.0,1.0,0.75,0.75,1
459,1.0,0.75,0.0,1.0,0.75,1.0,0
460,0.5,0.0,0.75,0.75,0.75,0.25,1
461,0.75,0.75,0.75,1.0,0.25,0.5,1
462,0.5,0.25,0.0,0.5,0.5,0.25,0
463,0.0,0.0,0.0,0.0,0.0,0.0,0
464,1.0,0.75,0.25,0.25,0.0,0.5,0
465,0.25,0.25,0.5,0.25,0.5,0.0,0
466,0.75,0.75,0.75,0.75,0.75,0.75,1
467,0.5,0.5,0.0,0.5,0.25,0.0,0
468,0.75,0.25,0.25,0.25,0.25,0.75,0
469,1.0,1.0,0.0,1.0,0.5,0.0,0
470,0.0,0.0,0.75,0.5,0.5,0.25,0
471,1.0,1.0,1.0,0.75,0.75,0.5,1
472,0.0,0.0,0.75,0.0,0.0,0.25,0
473,0.0,0.0,0.25,0.25,0.0,0.25,0
474,0.25,0.0,0.75,0.0,0.5,0.75,0
475,0.75,0.75,0.5,0.5,0.25,0.5,0
476,0.5,0.5,0.75,0.75,0.25,0.75,1
477,0.25,0.0,0.0,0.5,0.0,0.0,0
478,0.5,0.25,0.5,0.25,0.25,0.5,0
479,1.0,0.75,1.0,0.5,0.5,0.75,1
480,1.0,0.75,0.75,0.75,1.0,1.0,1
481,0.25,0.75,0.75,0.5,0.75,0.5,1
482,0.0,0.0,0.0,0.0,0.0,0.0,0
483,0.5,0.75,0.75,0.5,0.75,0.75,1
484,0.75,0.25,0.25,0.0,0.0,0.0,0
485,0.25,0.0,0.5,0.0,0.75,0.75,0
486,0.5,0.0,0.75,0.0,0.75,0.75,0
487,0.0,0.0,0.5,0.0,0.5,0.25,0
488,0.5,0.5,0.25,0.75,0.0,0.5,0
489,0.25,0.25,0.75,0.0,0.5,0.0,0
490,0.75,0.5,0.5,0.5,0.75,1.0,1
491,0.25,0.0,0.75,0.0,0.25,0.5,0
492,0.0,0.0,0.0,0.25,0.0,0.0,0
493,0.5,0.75,0.75,0.0,0.75,0.75,1
494,1.0,1.0,0.25,0.75,1.0,1.0,1
495,0.75,0.5,0.75,0.5,0.75,0.5,1
496,0.75,0.25,0.75,0.75,0.75,0.5,0
497,1.0,0.5,0.75,0.5,0.25,0.75,0
498,1.0,0.75,1.0,1.0,0.75,1.0,1
499,0.25,0.25,0.0,0.75,0.5,0.25,0
500,0.5,0.5,0.75,0.75,0.75,0.5,1
501,0.0,0.0,0.75,0.25,0.0,0.25,0
502,1.0,0.75,0.25,0.5,0.25,0.25,0
503,0.5,0.0,0.25,0.0,0.5,0.0,0
504,0.75,0.75,1.0,1.0,0.75,0.75,1
505,0.0,0.0,0.0,0.0,0.0,0.0,0
506,0.75,0.75,0.75,0.75,0.75,0.75,1
507,0.5,0.5,0.5,0.25,0.5,0.25,0
508,0.5,0.0,0.25,0.0,0.5,0.0,0
509,0.0,0.25,0.0,0.5,0.0,0.0,0
510,0.0,0.0,0.0,0.0,0.25,0.0,0
511,0.0,0.25,0.25,0.5,0.25,0.25,0
512,0.25,0.25,0.0,0.25,0.25,0.0,0
513,1.0,0.25,0.0,0.25,0.0,0.5,0
514,1.0,1.0,1.0,1.0,0.75,1.0,1
515,0.25,0.25,0.5,0.5,0.25,0.0,0
516,0.5,0.5,0.5,0.25,0.25,0.5,0
517,1.0,0.75,0.75,0.5,0.75,0.75,1
518,0.75,0.75,0.75,0.5,1.0,0.75,1
519,0.75,0.75,0.75,0.5,0.5,0.75,1
520,0.25,0.0,0.0,0.25,0.0,0.25,0
521,0.0,0.0,0.0,0.5,0.25,0.5,0
522,0.0,0.0,0.25,0.0,0.75,0.0,0
523,0.5,0.5,0.5,0.0,0.25,0.25,0
524,0.0,0.0,0.0,0.0,0.0,0.0,0
525,0.75,0.5,0.75,0.25,0.5,0.75,1
526,0.0,0.0,0.5,0.5,0.5,0.0,0
527,1.0,0.5,1.0,1.0,1.0,1.0,1
528,1.0,0.0,0.0,0.0,0.0,0.0,0
529,0.0,0.0,0.5,0.0,0.0,0.0,0
530,0.5,0.25,0.5,0.25,0.25,0.25,0
531,1.0,0.75,0.5,0.75,0.75,1.0,1
532,0.5,0.25,0.5,0.0,0.25,0.25,0
533,0.75,0.25,0.25,0.0,0.0,0.0,0
534,0.5,0.75,0.75,0.5,0.75,0.5,0
535,0.0,0.0,0.0,0.5,0.25,0.25,0
536,1.0,0.0,0.75,0.5,0.5,0.5,0
537,1.0,0.5,1.0,1.0,1.0,0.75,1
538,0.0,0.0,0.25,0.0,0.25,0.0,0
539,0.75,0.75,0.75,1.0,0.5,1.0,1
540,0.75,0.0,0.0,0.75,0.75,0.25,0
541,0.25,0.25,0.0,0.25,0.0,0.0,0
542,0.5,0.5,0.25,0.25,0.5,0.5,0
543,0.0,0.5,0.0,0.0,0.0,0.0,0
544,0.75,0.0,0.0,0.0,0.25,0.0,0
545,1.0,1.0,1.0,0.25,1.0,1.0,1
546,1.0,1.0,1.0,1.0,1.0,1.0,1
547,1.0,1.0,0.5,0.75,0.75,0.75,1
548,0.0,0.25,0.25,0.0,0.0,0.0,0
549,0.75,0.75,0.75,0.25,0.5,0.75,1
550,1.0,1.0,0.75,1.0,1.0,1.0,1
551,0.75,0.75,0.5,0.5,0.75,0.75,0
552,0.25,0.0,0.0,0.25,0.0,0.0,0
553,0.0,0.0,0.0,0.0,0.0,0.0,0
554,1.0,0.75,0.75,0.75,1.0,0.75,1
555,0.0,0.0,0.5,0.25,0.0,0.25,0
556,0.75,0.75,0.5,0.5,0.75,0.5,1
557,0.75,0.25,0.5,0.25,0.25,0.5,0
558,0.75,0.75,1.0,0.75,0.75,0.5,1
559,0.5,0.0,0.0,0.5,0.5,0.0,0
560,0.0,0.0,0.0,0.25,0.0,0.0,0
561,0.0,0.25,0.75,0.0,0.25,0.25,0
562,0.0,0.0,0.0,0.0,0.0,0.0,0
563,0.0,0.0,0.25,0.0,0.25,0.0,0
564,0.0,0.0,0.0,0.0,0.0,0.0,0
565,0.0,0.0,0.0,0.0,0.0,0.0,0
566,1.0,0.75,0.75,0.75,1.0,1.0,1
567,0.75,0.75,0.75,0.5,0.75,0.75,1
568,0.75,0.5,0.75,0.5,0.75,0.75,1
569,0.25,0.5,0.0,0.25,0.25,0.25,0
570,0.25,0.0,0.75,0.0,0.25,0.25,0
571,0.75,0.25,0.5,0.25,0.5,0.0,0
572,0.25,0.25,0.25,0.25,0.5,0.25,0
573,0.5,0.25,0.75,0.75,0.25,0.25,0
574,1.0,1.0,0.75,1.0,0.75,0.75,1
575,0.0,0.0,0.0,0.0,0.0,0.0,0
576,0.5,0.25,0.25,0.0,0.25,0.5,0
577,0.0,0.0,0.5,0.25,0.5,0.25,0
578,1.0,0.0,0.5,0.0,0.0,0.5,0
579,0.0,0.0,0.0,0.0,0.0,0.0,0
580,1.0,1.0,0.75,0.5,0.75,0.75,1
581,0.75,0.5,1.0,0.0,0.25,0.5,0
582,0.75,1.0,0.25,0.75,1.0,1.0,1
583,0.75,0.75,0.75,0.0,1.0,1.0,1
584,0.5,0.25,0.5,0.75,0.75,0.75,1
585,0.25,0.0,0.0,0.0,0.0,0.0,0
586,0.75,0.75,0.75,0.5,0.75,0.75,1
587,0.0,0.5,1.0,0.0,0.75,0.5,0
588,0.0,0.0,0.5,0.5,0.0,0.0,0
589,0.75,0.25,0.25,0.5,0.5,0.5,0
590,0.5,0.5,0.75,0.5,0.5,0.5,0
591,0.0,0.0,0.5,0.0,0.0,0.5,0
592,1.0,0.25,0.75,0.75,0.75,0.75,1
593,0.75,0.25,0.25,0.5,0.5,0.0,0
594,0.75,0.5,0.75,0.5,0.5,0.5,1
595,0.5,0.25,0.5,0.5,0.25,0.0,0
596,0.75,0.25,1.0,0.0,0.5,0.0,0
597,0.0,0.0,0.0,0.0,0.0,0.0,0
598,0.0,0.0,0.0,0.0,0.0,0.0,0
599,0.25,0.0,0.25,0.0,0.0,0.5,0
600,0.25,0.0,0.0,0.0,0.25,0.25,0
601,0.75,0.5,0.5,0.75,0.5,0.25,0
602,0.75,0.75,0.75,0.75,0.75,0.75,1
603,0.25,0.25,0.5,0.25,0.5,1.0,0
604,0.25,0.0,0.25,0.0,0.25,0.0,0
605,0.5,0.0,0.75,0.0,0.5,0.75,1
606,0.0,0.0,0.0,0.0,0.0,0.0,0
607,0.0,0.25,1.0,0.0,0.75,0.25,0
608,0.0,0.0,0.0,0.0,0.25,0.25,0
609,0.25,0.0,0.25,0.0,0.25,0.25,0
610,0.25,0.75,0.5,0.25,0.5,0.5,0
611,0.5,0.0,0.5,0.0,0.5,0.25,0
612,0.25,0.25,0.5,0.5,0.0,0.25,0
613,0.5,0.0,0.75,0.75,0.25,0.5,0
614,0.5,0.0,0.75,0.5,0.0,0.75,1
615,0.0,0.0,0.0,0.0,0.0,0.0,0
616,0.5,0.0,0.0,0.0,0.25,0.25,0
617,1.0,1.0,0.75,1.0,1.0,0.75,1
618,0.0,0.0,0.0,0.0,0.0,0.0,0
619,0.0,0.0,0.5,0.0,0.25,0.5,0
620,0.25,0.25,0.5,0.25,0.0,0.25,0
621,0.75,0.0,0.5,0.25,0.25,0.0,0
622,1.0,0.5,0.25,0.5,0.5,0.5,0
623,0.0,0.0,0.5,0.0,0.0,0.0,0
624,0.0,0.0,0.5,0.0,0.5,0.0,0
625,1.0,0.75,0.25,0.25,0.75,1.0,1
626,1.0,0.75,1.0,0.25,0.75,1.0,1
627,1.0,0.5,0.75,0.75,0.5,0.5,1
628,0.75,0.25,1.0,0.75,0.25,0.75,1
629,0.0,0.0,0.75,0.25,0.75,0.0,0
630,0.25,0.25,0.0,0.0,0.25,0.25,0
631,0.75,0.25,0.5,0.0,0.25,0.25,0
632,0.75,0.25,0.75,0.0,0.75,0.75,0
633,1.0,0.75,0.75,0.0,0.5,0.75,1
634,0.5,0.0,0.25,0.5,0.5,0.25,0
635,0.0,0.0,0.0,0.0,0.0,0.0,0
636,0.75,0.25,0.5,0.25,0.25,0.25,0
637,0.0,0.0,0.25,0.0,0.5,0.0,0
638,0.0,0.0,1.0,0.0,0.25,0.25,0
639,0.25,0.0,0.25,0.0,0.5,0.25,0
640,0.75,0.0,0.25,0.25,0.0,0.0,0
641,1.0,1.0,0.75,1.0,1.0,0.75,1
642,0.25,0.0,0.5,0.5,0.25,0.25,0
643,0.25,0.0,0.5,0.0,0.0,0.0,0
644,0.75,0.75,0.0,0.5,0.5,0.0,0
645,0.0,0.0,0.25,0.0,0.0,0.25,0
646,0.0,0.0,0.75,0.25,0.5,0.25,0
647,0.0,0.0,0.5,0.0,0.25,0.5,0
648,0.25,0.0,0.0,0.0,0.0,0.0,0
649,0.5,0.25,0.0,0.5,0.75,0.5,0
650,0.25,0.25,0.25,0.25,0.0,0.0,0
651,0.0,0.0,0.0,0.0,0.0,0.0,0
652,0.25,0.0,0.25,0.25,0.25,0.0,0
653,1.0,1.0,0.75,1.0,1.0,0.75,1
654,0.0,0.0,0.25,0.5,0.25,0.0,0
655,1.0,0.75,0.5,0.5,0.25,0.0,0
656,0.5,0.0,0.5,0.0,0.25,0.75,0
657,0.5,0.0,0.0,0.0,0.0,0.0,0
658,0.75,0.75,0.75,0.75,0.75,0.75,1
659,0.25,0.25,0.0,0.0,0.75,0.25,0
660,0.5,0.5,0.5,0.5,0.5,0.5,1
661,0.0,0.0,0.25,0.0,0.0,0.0,0
662,0.25,0.0,0.5,0.0,0.5,0.5,1
663,1.0,1.0,0.75,0.75,0.75,1.0,1
664,0.75,0.0,0.5,0.25,0.0,0.0,0
665,1.0,1.0,1.0,0.75,0.75,1.0,1
666,0.5,0.0,0.5,0.75,0.0,0.5,0
667,0.5,0.5,0.75,0.25,0.5,0.5,1
668,0.0,0.0,0.75,0.0,0.25,0.5,0
669,0.25,0.0,0.0,0.0,0.5,0.0,0
670,0.0,0.0,0.25,0.0,0.0,0.0,0
671,1.0,1.0,1.0,1.0,1.0,1.0,1
672,0.25,0.0,0.0,0.0,0.0,0.0,0
673,0.25,0.5,0.25,0.75,0.25,0.25,0
674,0.25,0.0,0.25,0.0,0.0,0.25,0
675,0.75,0.75,0.75,0.75,0.75,0.75,1
676,0.25,0.25,0.75,0.75,0.5,0.0,0
677,0.5,0.5,1.0,0.25,0.5,0.5,0
678,0.0,0.0,0.0,0.0,0.0,0.0,0
679,0.0,0.0,0.75,1.0,0.75,0.25,0
680,0.0,0.0,0.0,0.0,0.0,0.0,1
681,0.25,0.0,0.25,0.0,0.0,0.25,0
682,0.75,0.0,0.25,0.0,0.25,0.0,0
683,0.75,0.25,0.0,0.5,0.25,0.25,0
684,0.5,0.0,0.0,0.0,0.0,0.0,0
685,0.25,0.25,0.25,0.5,0.25,0.0,0
686,0.75,0.75,1.0,0.75,0.75,0.25,1
687,1.0,0.25,0.0,0.25,0.5,0.0,0
688,0.0,0.0,0.75,0.5,0.25,0.0,0
689,0.0,0.0,0.5,0.75,0.5,0.25,0
690,0.25,0.0,0.5,0.0,0.0,0.25,0
691,0.0,0.25,0.5,0.25,0.5,0.0,0
692,0.0,0.25,0.0,1.0,0.0,0.0,0
693,0.5,0.0,0.5,0.0,0.25,0.25,0
694,0.0,0.0,0.0,0.75,0.0,0.0,0
695,0.25,0.0,1.0,0.5,0.75,0.0,0
696,0.5,0.0,0.5,0.0,0.25,0.25,0
697,0.25,0.0,0.25,0.0,0.5,0.0,0
698,1.0,0.75,0.5,0.5,0.75,0.5,0
699,0.0,0.25,0.5,0.75,0.5,0.5,0
700,0.75,0.75,0.5,0.25,0.75,0.75,1
701,0.0,0.0,1.0,1.0,0.75,0.75,1
702,1.0,1.0,1.0,1.0,0.75,1.0,1
703,0.75,0.0,0.0,0.0,0.25,0.0,0
704,0.5,0.5,0.5,0.5,0.5,0.75,1
705,0.75,0.5,0.75,0.0,0.5,0.25,0
706,1.0,1.0,0.75,0.75,0.75,0.75,1
707,1.0,0.75,0.5,0.75,0.75,0.75,1
708,0.25,0.25,0.75,0.25,0.5,0.5,0
709,1.0,1.0,1.0,0.5,1.0,1.0,1
710,0.75,0.25,0.5,0.75,0.5,0.5,0
711,0.0,0.0,0.75,0.5,0.0,0.0,0
712,0.0,0.0,0.0,0.0,0.0,0.0,0
713,0.75,0.5,0.75,0.0,0.75,0.75,1
714,1.0,0.5,0.75,0.25,0.5,0.75,1
715,0.0,0.0,0.5,0.25,0.25,0.25,0
716,1.0,0.5,1.0,0.75,0.75,1.0,0
717,0.75,0.5,1.0,0.75,0.5,0.75,1
718,0.5,0.25,0.5,0.0,0.0,0.0,0
719,0.5,0.25,1.0,0.5,0.5,0.5,1
720,1.0,0.75,1.0,0.75,1.0,1.0,1
721,1.0,1.0,0.75,1.0,1.0,0.75,1
722,0.75,0.0,0.5,0.25,0.5,0.5,0
723,0.75,0.25,0.75,0.25,0.5,0.25,0
724,1.0,1.0,1.0,1.0,0.75,1.0,1
725,1.0,1.0,1.0,1.0,1.0,0.75,1
726,0.75,0.75,0.5,0.5,0.75,0.75,1
727,0.5,0.25,0.75,0.5,0.75,0.5,0
728,0.5,0.0,0.25,0.0,0.5,0.0,0
729,0.0,0.0,0.0,0.0,0.0,0.0,0
730,0.75,0.25,0.75,0.5,0.0,0.25,0
731,1.0,1.0,0.5,0.75,1.0,1.0,1
732,0.75,0.5,0.75,0.5,0.25,0.5,0
733,1.0,0.75,1.0,0.5,1.0,0.75,1
734,0.0,0.0,0.75,0.0,0.0,0.25,0
735,0.75,0.0,0.5,0.5,0.5,0.5,0
736,0.75,0.0,0.75,0.75,1.0,0.75,1
737,0.75,0.5,1.0,0.75,0.75,0.75,1
738,0.5,0.0,0.25,1.0,0.0,0.0,0
739,0.0,0.0,0.0,0.0,0.0,0.5,0
740,0.5,0.0,0.5,0.25,0.0,0.0,0
741,1.0,1.0,1.0,0.75,1.0,1.0,1
742,1.0,0.75,1.0,1.0,1.0,1.0,1
743,0.25,0.0,0.5,0.0,0.5,0.0,0
744,0.25,0.0,0.0,0.5,0.0,0.0,0
745,0.25,0.0,0.0,0.0,0.0,0.0,0
746,0.75,0.25,1.0,0.25,0.25,0.75,0
747,0.5,0.0,0.25,0.0,0.25,0.0,0
748,0.0,0.0,0.0,0.0,0.0,0.0,0
749,0.75,0.75,0.0,0.0,0.0,0.5,0
750,0.5,0.0,0.25,0.25,0.0,0.0,0
751,1.0,0.25,0.75,0.75,0.5,0.25,0
752,1.0,0.0,0.5,0.25,0.5,0.0,0
753,0.5,0.0,0.5,0.0,0.5,0.5,0
754,1.0,0.5,0.0,0.25,0.25,0.0,0
755,0.0,0.0,0.0,0.0,0.0,0.25,0
756,0.25,0.25,0.5,1.0,0.75,0.5,0
757,1.0,0.75,1.0,0.75,1.0,0.0,0
758,0.5,0.0,0.25,0.0,0.75,0.0,0
759,0.5,0.0,0.0,0.0,0.0,0.0,0
760,0.0,0.0,0.5,0.5,0.5,0.0,0
761,0.0,0.5,1.0,0.75,0.75,0.25,0
762,0.75,0.0,0.5,0.25,0.75,0.25,0
763,0.75,0.0,0.25,0.0,0.25,0.25,0
764,0.75,0.25,0.5,0.25,0.0,0.0,0
765,0.0,0.0,0.75,0.5,0.75,0.0,0
766,0.5,0.5,0.5,0.5,0.0,0.25,0
767,0.5,0.0,0.5,0.25,0.5,0.25,0
768,0.25,0.75,0.75,0.0,0.5,0.5,0
769,0.5,0.25,0.75,0.25,0.75,0.5,0
770,0.25,0.0,0.0,0.25,0.5,0.0,0
771,0.5,0.0,0.5,0.0,0.75,0.25,0
772,0.75,0.5,0.0,0.5,0.5,0.5,0
773,1.0,0.75,0.75,0.75,0.75,0.75,1
774,0.5,0.25,1.0,0.25,0.25,0.0,0
775,0.25,0.0,0.25,0.25,0.5,0.0,0
776,0.0,0.25,0.5,0.5,0.0,0.0,0
777,0.0,0.0,0.25,0.25,0.0,0.0,0
778,0.25,0.5,0.0,0.5,0.25,0.0,0
779,0.5,0.0,0.75,0.5,0.25,0.25,0
780,0.5,0.0,0.25,0.25,0.25,0.0,0
781,0.5,0.25,0.5,0.25,0.5,0.25,0
782,0.5,0.25,0.5,0.25,0.5,0.5,0
783,0.5,0.0,0.75,0.75,0.0,0.5,0
784,0.5,0.25,1.0,1.0,1.0,0.5,0
785,1.0,0.5,0.5,0.75,1.0,0.5,1
786,1.0,1.0,1.0,0.75,1.0,0.75,1
787,0.5,0.0,0.0,0.0,0.25,0.0,0
788,0.25,0.5,0.25,0.25,0.0,0.0,0
789,1.0,0.5,0.75,1.0,1.0,0.75,1
790,0.25,0.0,0.25,0.0,0.0,0.0,0
791,1.0,1.0,1.0,0.75,1.0,1.0,1
792,0.25,0.25,0.25,0.0,0.25,0.5,0
793,0.5,0.0,0.0,0.0,0.75,0.0,0
794,0.75,0.0,1.0,1.0,0.75,1.0,1
795,1.0,0.25,1.0,0.5,1.0,0.25,1
796,1.0,0.0,0.5,0.0,0.5,0.25,0
797,0.0,0.0,0.5,0.0,0.0,0.0,0
798,0.5,0.25,0.75,0.25,0.75,0.75,1
799,0.75,0.25,0.75,0.0,0.5,0.5,0
800,1.0,1.0,1.0,0.75,0.75,1.0,1
801,0.5,0.25,0.75,0.5,0.25,0.5,0
802,0.5,0.75,0.25,0.75,0.75,0.5,0
803,1.0,0.75,0.75,0.5,0.25,0.5,1
804,1.0,0.75,1.0,0.75,1.0,1.0,1
805,0.5,0.0,0.5,0.0,0.0,0.0,0
806,0.75,0.75,0.75,0.75,0.75,0.75,1
807,0.0,0.0,0.0,0.0,0.0,0.0,0
808,0.25,0.25,0.75,0.25,0.25,0.25,0
809,1.0,0.0,0.0,0.5,0.25,0.5,0
810,0.25,0.0,0.25,0.0,0.25,0.25,0
811,0.0,0.0,0.5,0.75,0.0,0.25,0
812,0.5,0.5,0.0,0.5,0.25,0.0,0
813,0.0,0.0,0.25,0.0,0.25,0.0,0
814,0.25,0.0,0.5,0.5,0.5,0.0,0
815,1.0,0.75,1.0,0.5,0.75,1.0,1
816,0.75,0.5,0.75,0.5,0.75,1.0,1
817,0.5,0.0,0.5,0.0,0.25,0.25,0
818,1.0,1.0,0.0,0.75,1.0,0.75,1
819,1.0,1.0,1.0,1.0,0.5,1.0,1
820,0.25,0.25,0.0,0.25,0.0,0.25,0
821,1.0,0.75,0.75,0.75,0.75,0.75,1
822,0.25,0.5,0.0,0.25,0.5,0.0,0
823,1.0,1.0,1.0,0.5,0.5,0.75,1
824,0.0,0.0,0.25,0.0,0.0,0.5,0
825,0.25,0.0,0.25,0.5,0.75,0.25,0
826,0.5,0.0,0.5,0.0,0.25,0.0,0
827,0.75,0.75,0.75,0.75,1.0,1.0,1
828,1.0,0.75,0.5,0.25,0.5,0.5,0
829,0.5,0.5,0.75,0.5,0.75,0.5,1
830,1.0,0.0,1.0,0.0,0.5,0.0,0
831,1.0,0.5,1.0,0.0,1.0,0.5,1
832,0.75,0.75,0.5,0.5,0.5,0.75,1
833,0.0,0.0,0.0,0.0,0.0,0.0,0
834,0.5,0.25,0.0,0.25,0.5,0.0,0
835,0.0,0.0,0.25,0.0,0.25,0.0,0
836,0.25,0.0,0.0,0.25,0.25,0.25,0
837,1.0,0.0,0.0,0.0,0.25,0.0,0
838,1.0,1.0,1.0,1.0,1.0,1.0,1
839,0.5,0.5,0.75,0.5,0.5,0.5,0
840,0.0,0.0,0.5,0.5,0.5,0.0,0
841,0.75,0.0,0.75,0.0,0.5,0.25,0
842,0.0,0.0,0.0,0.0,0.0,0.0,0
843,0.5,0.25,0.25,0.25,0.5,0.5,0
844,0.25,0.75,0.75,0.75,0.75,0.75,1
845,0.5,0.0,0.5,0.0,0.5,0.25,0
846,0.25,0.25,0.0,0.75,0.5,0.0,0
847,1.0,0.5,0.5,0.5,1.0,0.75,1
848,0.25,0.0,0.25,0.25,0.0,0.25,0
849,0.5,0.25,0.75,0.0,0.0,0.25,0
850,0.75,0.5,0.75,0.5,0.0,0.0,0
851,0.0,0.0,0.0,0.0,0.0,0.0,0
852,0.75,0.75,0.5,0.25,0.0,0.0,0
853,1.0,0.75,0.75,0.75,0.5,0.75,1
854,0.5,0.5,0.5,0.5,0.5,0.5,1
855,0.75,0.25,0.0,0.0,0.5,0.25,0
856,0.75,0.25,0.75,0.5,0.5,0.25,0
857,1.0,0.75,0.75,0.75,0.75,0.75,1
858,0.75,0.75,1.0,0.5,0.5,0.5,1
859,0.75,0.75,1.0,1.0,1.0,1.0,1
860,1.0,0.25,0.75,0.5,0.75,0.75,1
861,0.5,0.25,0.0,0.5,0.25,0.0,0
862,0.75,0.25,0.75,1.0,0.75,0.5,0
863,0.0,0.0,0.0,0.0,0.0,0.0,0
864,0.5,0.0,0.0,0.25,0.5,0.25,0
865,1.0,0.75,0.5,1.0,0.75,1.0,1
866,0.0,0.0,0.0,0.0,0.0,0.0,0
867,0.5,0.25,0.75,0.0,0.0,0.0,0
868,0.25,0.25,0.25,0.0,0.0,0.25,0
869,0.5,0.5,0.5,0.0,0.0,0.75,1
870,0.0,0.25,0.0,0.25,0.0,0.0,0
871,0.25,0.25,0.5,0.25,0.5,0.5,0
872,0.75,0.5,0.75,0.5,0.25,0.25,1
873,0.75,0.75,0.75,0.5,0.75,1.0,1
874,0.0,0.0,0.0,0.0,0.0,0.0,0
875,0.5,0.0,0.25,0.25,0.25,0.0,0
876,0.25,0.25,0.75,0.5,0.5,0.5,1
877,0.5,0.5,0.25,0.75,0.75,0.25,1
878,0.25,0.0,0.0,0.0,0.5,0.0,0
879,0.25,0.25,0.75,0.5,0.5,0.75,1
880,0.0,0.0,0.75,0.25,0.0,0.0,0
881,1.0,0.5,1.0,0.75,1.0,0.75,1
882,0.25,0.0,0.0,0.0,0.0,0.0,0
883,0.25,0.0,0.5,0.75,0.0,0.25,0
884,0.25,0.25,0.75,0.0,0.25,0.25,0
885,0.0,0.25,0.0,0.25,0.25,0.0,0
886,0.25,0.0,0.5,0.0,0.0,0.0,0
887,1.0,1.0,0.5,0.75,1.0,0.75,1
888,0.75,0.75,0.75,0.5,0.75,0.75,1
889,1.0,0.75,1.0,0.75,1.0,1.0,1
890,1.0,1.0,0.5,0.5,1.0,0.5,0
891,1.0,1.0,1.0,0.75,1.0,1.0,1
892,1.0,1.0,0.5,0.75,0.5,0.75,1
893,0.5,0.5,0.25,0.5,0.5,0.5,0
894,0.75,0.5,1.0,0.5,0.5,0.75,1
895,1.0,0.25,0.5,1.0,0.5,0.25,0
896,1.0,1.0,1.0,0.75,1.0,1.0,1
897,0.0,0.0,0.0,0.0,0.0,0.0,0
898,0.75,0.5,0.75,0.25,0.5,0.75,1
899,1.0,1.0,0.75,0.25,1.0,0.75,1
900,0.0,0.25,0.25,0.0,0.0,0.0,0
901,0.25,0.0,0.75,0.75,0.5,0.75,1
902,0.0,0.0,0.75,0.25,0.25,0.0,0
903,0.5,0.0,0.25,0.5,1.0,0.0,0
904,0.75,0.75,0.5,1.0,1.0,0.75,1
905,1.0,0.75,1.0,1.0,1.0,1.0,1
906,0.75,0.0,0.0,0.75,0.75,0.25,0
907,1.0,0.75,1.0,0.75,1.0,0.75,1
908,1.0,0.75,0.75,0.75,1.0,0.75,1
909,0.5,0.0,0.25,0.0,0.5,0.25,0
910,0.75,0.25,0.25,0.5,0.5,0.25,0
911,0.75,0.0,0.25,0.5,0.5,0.25,0
912,0.25,0.0,0.25,0.0,0.25,0.25,0
913,0.0,0.0,0.0,0.5,0.0,0.0,0
914,0.0,0.5,0.0,0.25,0.0,0.5,0
915,1.0,1.0,0.75,1.0,1.0,1.0,1
916,0.0,0.0,0.5,0.0,0.25,0.0,0
917,0.75,0.5,0.75,0.5,0.5,0.5,1
918,0.25,0.0,0.25,0.0,0.25,0.0,0
919,0.0,0.0,0.0,0.0,0.0,0.0,0
920,0.75,0.0,0.5,0.5,0.5,0.5,1
921,1.0,0.75,0.75,0.75,0.75,0.75,1
922,0.25,0.0,1.0,0.25,0.25,0.0,0
923,0.5,0.25,0.75,0.75,0.25,0.25,0
924,0.5,0.25,0.0,0.5,0.25,0.5,0
925,1.0,1.0,0.75,1.0,0.75,0.75,1
926,1.0,0.75,0.5,0.75,0.75,1.0,1
927,0.5,0.25,0.5,0.0,0.5,0.25,0
928,1.0,1.0,1.0,1.0,1.0,1.0,1
929,0.25,0.0,0.25,0.25,0.5,0.25,0
930,1.0,0.75,1.0,0.0,0.75,0.75,1
931,1.0,0.75,1.0,1.0,1.0,1.0,1
932,0.0,0.0,0.0,0.0,0.0,0.0,0
933,0.5,0.25,0.5,0.5,0.5,0.5,0
934,0.5,0.75,1.0,0.25,1.0,0.75,1
935,0.25,0.0,0.5,0.5,0.25,0.25,0
936,0.75,0.5,0.75,0.75,0.75,0.75,1
937,0.0,0.0,0.0,0.0,0.25,0.0,0
938,0.0,0.25,0.25,0.0,0.0,0.0,0
939,0.75,0.5,0.0,0.5,0.75,0.0,0
940,0.75,0.25,0.75,0.5,0.5,0.0,0
941,0.0,0.0,0.25,0.0,0.75,0.25,0
942,0.75,0.75,0.5,1.0,0.0,0.5,0
943,0.0,0.0,0.0,0.5,0.5,0.25,0
944,0.25,0.0,0.25,0.0,0.0,0.25,0
945,0.75,0.75,0.25,0.5,0.25,0.5,0
946,0.75,0.0,0.25,0.0,0.25,0.25,0
947,1.0,1.0,0.0,0.5,0.25,0.0,0
948,0.25,0.0,0.5,0.0,0.5,0.5,1
949,0.75,0.25,0.0,0.25,0.75,0.0,0
950,0.25,0.25,0.75,0.0,0.25,0.0,0
951,1.0,0.75,0.25,0.75,0.75,0.75,1
952,0.75,0.0,0.75,0.0,0.5,0.5,0
953,0.25,0.5,0.25,0.5,0.5,0.5,0
954,0.75,0.25,0.0,1.0,0.5,0.75,1
955,0.25,0.0,0.5,0.0,0.0,0.25,0
956,0.0,0.0,0.5,0.25,0.5,0.25,0
957,0.5,0.5,0.0,0.0,0.5,0.0,0
958,0.5,0.5,0.25,0.0,0.5,0.25,0
959,0.5,0.0,0.5,0.0,0.0,0.5,0
960,0.5,0.25,1.0,0.5,0.5,0.5,0
961,0.75,0.75,1.0,0.75,0.5,0.75,1
962,0.5,0.5,0.0,0.75,0.75,0.75,1
963,0.25,0.5,0.5,0.25,0.25,0.5,0
964,1.0,0.75,0.5,0.75,0.25,0.75,1
965,1.0,0.5,0.75,0.75,0.75,1.0,1
966,1.0,0.0,0.0,0.0,0.25,0.0,0
967,0.25,0.0,0.0,0.75,0.0,0.0,0
968,0.75,0.75,0.5,0.75,0.75,0.75,1
969,0.25,0.0,0.5,0.0,0.25,0.25,0
970,0.25,0.5,0.5,0.25,0.5,0.25,1
971,0.0,0.25,0.0,0.5,0.25,0.5,0
972,0.75,0.0,0.0,0.75,0.5,0.25,0
973,0.0,0.0,0.5,0.5,0.0,0.0,0
974,0.75,0.5,0.25,0.0,0.5,0.25,0
975,1.0,0.75,0.75,0.25,0.75,0.75,1
976,0.0,0.0,0.0,0.0,0.0,0.0,0
977,0.5,0.75,0.75,0.0,0.0,0.25,0
978,0.75,0.75,1.0,0.25,0.5,0.75,1
979,0.0,0.0,0.25,0.25,0.0,0.0,0
980,0.75,0.0,0.5,0.0,0.5,0.5,1
981,0.75,0.25,0.0,0.25,0.5,0.0,0
982,0.75,0.5,0.0,0.75,0.75,0.5,0
983,0.0,0.0,0.0,0.0,0.0,0.0,0
984,0.75,0.5,0.0,0.75,0.75,0.0,0
985,0.5,0.5,0.5,0.25,0.75,0.25,0
986,1.0,1.0,0.5,0.0,0.0,0.25,0
987,1.0,0.75,1.0,0.5,0.25,1.0,1
988,0.0,0.0,0.0,0.0,0.5,0.5,0
989,0.25,0.25,0.25,0.0,0.0,0.0,0
990,0.75,0.5,0.75,0.0,0.5,0.5,1
991,0.25,0.0,1.0,0.5,1.0,0.0,0
992,0.25,0.0,0.25,0.0,0.0,0.0,0
993,0.75,0.0,0.25,0.0,0.5,0.25,0
994,0.25,0.5,0.0,0.75,0.25,0.5,0
995,0.25,0.5,0.0,1.0,1.0,0.0,0
996,0.25,0.0,0.5,0.0,0.25,0.5,0
997,0.75,0.5,1.0,0.75,1.0,0.75,1
998,0.5,0.5,0.0,0.0,0.5,0.0,0
999,1.0,1.0,0.5,1.0,0.5,0.5,1
1000,0.5,0.5,0.5,0.75,0.0,0.5,0
1001,0.75,0.5,0.75,1.0,0.5,0.5,1
1002,1.0,1.0,0.5,0.5,1.0,0.75,1
1003,0.0,0.0,0.0,0.0,0.0,0.0,0
1004,0.5,0.5,0.75,0.0,0.0,0.25,0
1005,0.5,0.5,0.0,0.0,0.5,0.0,0
1006,0.75,0.75,0.75,0.75,0.75,1.0,1
1007,0.5,0.5,0.5,0.5,0.75,0.5,1
1008,0.75,0.75,0.75,0.75,0.75,0.75,1
1009,1.0,0.0,0.75,0.25,0.5,0.25,1
1010,1.0,0.5,0.5,0.5,0.75,0.5,1
1011,0.5,0.75,0.5,0.75,1.0,0.75,1
1012,0.75,0.75,0.75,0.75,0.75,0.75,1
1013,1.0,1.0,1.0,0.75,1.0,1.0,1
1014,0.5,0.5,0.0,0.25,0.75,0.5,0
1015,1.0,1.0,1.0,1.0,1.0,1.0,1
1016,1.0,0.75,1.0,1.0,1.0,1.0,1
1017,1.0,0.5,0.75,1.0,0.75,0.5,1
1018,0.75,0.75,0.0,0.5,0.75,0.25,0
1019,0.25,0.0,0.0,0.5,0.5,0.0,0
1020,0.5,0.5,0.0,0.25,0.5,0.0,0
1021,0.0,0.0,0.0,0.0,0.0,0.0,0
1022,1.0,0.5,1.0,1.0,1.0,0.0,0
1023,1.0,1.0,1.0,1.0,1.0,0.0,0
1024,0.0,0.25,0.0,0.25,0.0,0.0,0
1025,1.0,1.0,0.75,1.0,0.75,0.5,1
1026,0.0,0.0,0.0,0.0,0.0,0.0,0
1027,1.0,0.0,0.25,0.0,0.0,0.5,0
1028,1.0,0.75,0.75,1.0,0.75,0.75,1
1029,1.0,1.0,0.25,1.0,0.75,0.75,1
1030,1.0,0.75,0.5,0.75,0.75,0.75,1
1031,0.0,0.0,0.0,0.0,0.5,0.0,0
1032,0.25,0.25,0.25,0.75,0.0,0.0,0
1033,1.0,0.75,0.0,0.5,0.75,0.0,0
1034,0.0,0.75,0.25,0.5,0.75,0.5,0
1035,1.0,1.0,1.0,1.0,1.0,1.0,1
1036,1.0,0.75,0.75,0.5,0.25,0.75,1
1037,1.0,1.0,1.0,1.0,1.0,1.0,1
1038,0.75,0.25,0.0,0.25,0.75,0.0,0
1039,1.0,0.75,1.0,0.75,0.75,0.75,1
1040,0.0,0.0,0.0,0.0,0.0,0.0,0
1041,0.25,0.0,0.75,0.5,1.0,0.0,0
1042,0.5,0.25,0.75,0.75,0.75,0.5,1
1043,1.0,0.0,1.0,0.75,0.75,0.75,1
1044,0.25,0.5,1.0,0.5,0.5,0.5,0
1045,0.75,0.5,0.0,1.0,1.0,0.5,0
1046,1.0,0.75,0.75,0.25,0.5,0.5,1
1047,0.5,0.5,0.0,0.25,0.75,0.5,0
1048,1.0,0.75,1.0,0.75,1.0,1.0,1
1049,0.75,0.75,0.0,0.5,0.5,0.5,1
1050,0.25,0.25,0.25,0.0,0.25,0.5,0
1051,0.5,0.5,0.5,0.5,0.75,0.5,0
1052,1.0,0.0,1.0,1.0,1.0,0.75,1
1053,0.75,0.75,0.75,0.5,0.5,0.75,1
1054,0.75,0.75,0.5,1.0,1.0,1.0,1
1055,1.0,0.75,0.0,0.0,0.5,0.5,1
1056,0.75,0.75,0.75,0.75,0.75,0.75,1
1057,1.0,1.0,1.0,1.0,1.0,0.75,1
1058,0.75,0.75,0.5,0.25,0.5,0.75,1
1059,0.5,0.5,0.75,0.75,0.75,0.25,0
1060,0.75,0.75,0.75,0.25,0.75,1.0,1
1061,0.75,0.5,1.0,0.25,0.75,0.5,1
1062,0.75,0.5,0.75,0.25,0.75,0.5,1
1063,0.75,0.75,0.75,0.25,0.75,0.75,1
1064,1.0,0.75,0.75,0.5,0.75,0.75,1
1065,0.0,0.0,0.5,0.0,0.25,0.25,0
1066,0.5,0.75,1.0,0.5,0.75,0.75,1
1067,0.75,0.0,0.75,0.0,0.5,0.25,0
1068,1.0,0.75,0.75,0.5,0.75,1.0,1
1069,0.75,0.5,0.75,0.25,0.75,0.75,1
1070,0.25,0.25,0.75,0.0,0.25,0.5,1
1071,0.75,0.5,0.75,0.75,0.0,0.5,0
1072,0.0,0.0,0.5,0.25,0.0,0.25,0
1073,0.75,1.0,1.0,0.75,0.5,1.0,1
1074,0.75,0.0,0.75,0.25,0.25,0.75,0
1075,0.25,0.5,0.25,0.5,0.5,0.75,0
1076,0.25,0.0,0.0,0.0,0.0,0.0,0
1077,0.5,0.5,0.5,0.5,0.5,0.75,1
1078,0.75,0.75,0.75,0.5,0.5,0.75,1
1079,1.0,1.0,0.75,1.0,1.0,1.0,1
1080,0.25,0.0,0.25,0.0,0.0,0.25,0
1081,0.75,1.0,1.0,0.75,1.0,0.75,1
1082,1.0,1.0,1.0,0.5,0.75,1.0,1
1083,0.25,0.0,0.5,0.5,0.0,0.25,0
1084,1.0,1.0,1.0,1.0,1.0,0.75,1
1085,1.0,1.0,0.75,0.5,0.75,0.75,1
1086,0.25,0.25,0.25,0.25,0.5,0.25,0
1087,0.25,0.25,0.5,0.5,0.5,0.25,0
1088,0.5,0.0,0.5,0.0,0.0,0.25,0
1089,0.25,0.25,0.0,0.75,1.0,0.25,0
1090,0.75,0.25,0.25,0.75,0.5,0.5,0
1091,0.5,0.0,0.25,0.5,0.0,0.0,0
1092,1.0,1.0,1.0,0.75,0.5,0.5,1
1093,1.0,0.75,0.75,0.75,0.75,1.0,1
1094,0.75,0.75,0.5,0.5,0.75,0.75,1
1095,1.0,1.0,1.0,0.25,0.25,1.0,1
1096,0.75,0.5,0.5,0.5,0.75,1.0,1
1097,1.0,1.0,1.0,1.0,1.0,1.0,1
1098,1.0,0.75,0.75,0.25,1.0,1.0,1
1099,1.0,0.75,0.75,1.0,1.0,0.75,1
1100,0.75,0.75,0.5,0.5,0.75,0.75,1
1101,0.75,0.75,0.5,0.5,0.5,1.0,0
1102,0.75,1.0,0.25,0.0,0.5,0.5,1
1103,1.0,1.0,1.0,1.0,1.0,0.75,1
1104,1.0,1.0,1.0,1.0,1.0,1.0,1
1105,0.75,0.5,0.75,0.5,0.5,0.5,1
1106,0.25,0.0,0.75,0.0,0.5,0.0,0
1107,0.0,0.0,0.25,0.0,0.25,0.0,0
1108,0.75,0.75,0.75,0.75,0.5,1.0,1
1109,1.0,0.75,0.75,0.75,0.5,0.75,1
1110,0.75,0.5,0.75,0.5,0.5,0.25,0
1111,0.75,0.75,0.75,0.25,0.5,0.75,1
1112,1.0,0.0,0.75,0.75,0.25,0.75,1
1113,1.0,1.0,1.0,1.0,1.0,1.0,1
1114,1.0,0.0,0.5,0.5,0.0,0.0,0
1115,1.0,0.0,0.5,0.5,0.0,0.0,0
1116,0.25,0.0,0.25,0.0,0.0,0.0,0
1117,1.0,0.75,1.0,0.5,0.5,0.75,1
1118,0.75,0.75,0.75,1.0,0.25,0.5,1
1119,1.0,1.0,1.0,1.0,1.0,1.0,1
1120,0.5,0.5,0.75,0.25,0.25,0.5,1
1121,0.25,0.0,1.0,0.5,0.0,0.25,0
1122,0.75,0.5,0.75,0.75,0.0,0.25,0
1123,0.5,0.5,0.0,0.5,0.5,0.0,0
1124,0.75,1.0,0.75,1.0,1.0,1.0,1
1125,0.75,0.5,0.5,1.0,1.0,1.0,1
1126,0.75,0.5,0.75,0.75,0.75,0.5,1
1127,0.0,0.0,0.0,0.0,0.0,0.0,0
1128,1.0,0.75,1.0,0.75,0.75,1.0,1
1129,0.75,0.75,0.5,0.75,0.75,1.0,1
1130,1.0,0.75,0.75,0.75,0.75,0.75,1
1131,1.0,0.75,0.75,0.75,1.0,0.75,1
1132,1.0,0.75,1.0,0.75,0.75,0.75,1
1133,0.75,0.5,0.75,0.75,0.75,0.75,1
1134,1.0,0.25,0.5,0.25,0.25,0.5,0
1135,1.0,0.75,0.75,0.75,0.5,1.0,1
1136,0.75,0.0,0.75,0.0,0.0,0.25,0
1137,1.0,0.5,0.0,0.5,1.0,0.75,1
1138,0.25,0.25,0.75,0.0,0.5,0.0,0
1139,0.0,0.5,0.0,0.25,0.0,0.25,0
1140,1.0,0.5,1.0,0.75,0.75,1.0,1
1141,1.0,0.5,0.25,0.25,0.75,1.0,1
1142,0.0,0.5,0.5,0.5,0.75,0.5,0
1143,0.75,0.5,0.75,0.5,0.0,0.0,0
1144,0.0,0.0,0.25,0.0,0.0,0.0,0
1145,0.5,0.25,0.25,0.25,0.5,0.25,0
1146,0.5,0.0,0.0,0.25,0.5,0.0,0
1147,1.0,1.0,0.75,0.75,1.0,0.75,1
1148,1.0,1.0,0.5,0.5,0.75,0.75,1
1149,0.5,0.5,0.25,0.25,0.5,0.5,0
1150,1.0,0.75,0.75,0.5,0.75,1.0,1
1151,1.0,1.0,0.75,1.0,1.0,0.75,1
1152,0.75,0.75,0.5,0.5,0.75,0.75,1
1153,0.5,0.25,0.0,0.0,0.5,0.0,0
1154,0.75,0.25,0.75,0.25,0.5,0.5,0
1155,0.0,0.25,0.5,0.5,0.25,0.25,0
1156,1.0,0.75,1.0,0.5,0.75,0.75,1
1157,0.75,0.5,0.5,0.75,0.5,0.5,0
1158,0.75,0.75,0.5,0.5,0.5,0.5,0
1159,0.5,0.75,0.75,0.75,0.5,0.75,1
1160,1.0,1.0,0.75,1.0,1.0,0.75,1
1161,1.0,0.0,1.0,0.25,0.5,1.0,1
1162,0.25,0.0,0.0,0.25,0.25,0.25,0
1163,1.0,0.75,0.75,0.5,0.75,0.75,1
1164,0.0,0.0,0.0,0.0,0.0,0.0,0
1165,0.25,0.25,0.0,0.25,0.5,0.0,0
1166,1.0,1.0,0.75,1.0,0.75,1.0,1
1167,1.0,1.0,1.0,1.0,1.0,1.0,1
1168,0.5,0.0,0.75,0.0,0.5,0.25,0
1169,0.0,0.0,0.0,0.0,0.25,0.0,0
1170,0.25,0.0,0.5,0.0,0.25,0.25,0
1171,1.0,0.5,0.75,0.5,0.75,0.75,1
1172,0.5,0.75,0.75,0.75,0.75,0.75,1
1173,1.0,1.0,0.75,1.0,0.75,0.75,1
1174,0.0,0.0,0.5,0.0,0.25,0.25,0
1175,0.5,0.25,0.5,0.5,0.25,0.5,1
1176,0.75,0.75,0.5,0.75,0.5,0.75,1
1177,0.0,0.0,0.0,0.0,0.5,0.25,0
1178,0.5,0.5,0.5,0.25,0.5,0.25,0
1179,0.25,0.25,0.75,0.75,0.25,0.75,0
1180,1.0,0.75,0.75,0.75,0.75,1.0,1
1181,0.5,0.75,1.0,0.75,0.5,0.75,1
1182,1.0,0.75,0.5,0.0,0.5,0.75,0
1183,0.75,0.75,0.75,1.0,0.5,0.0,1
1184,1.0,0.75,1.0,0.75,1.0,1.0,1
1185,0.0,0.0,0.25,0.0,0.0,0.0,0
1186,0.5,0.5,0.75,0.25,0.5,0.5,0
1187,0.75,0.75,1.0,0.75,0.75,0.75,1
1188,1.0,1.0,1.0,1.0,0.75,0.75,1
1189,0.5,0.0,0.0,0.0,0.25,0.0,0
1190,1.0,1.0,0.75,0.75,0.75,1.0,1
1191,0.0,0.5,0.5,0.0,0.5,0.5,0
1192,0.75,0.5,0.5,0.0,0.75,0.25,0
1193,0.5,0.5,0.25,0.0,0.0,0.25,0
1194,0.75,0.5,0.0,0.25,0.25,0.25,0
1195,0.0,0.25,0.5,0.0,0.0,0.0,0
1196,1.0,1.0,0.75,0.75,1.0,1.0,1
1197,0.75,0.5,0.25,0.0,0.0,0.0,0
1198,1.0,1.0,1.0,0.5,1.0,1.0,1
1199,0.0,0.5,0.75,0.75,0.75,0.75,1
1200,0.75,0.5,0.25,0.25,0.25,0.5,0
1201,0.5,0.25,0.5,0.25,0.5,0.0,0
1202,0.25,0.25,0.25,0.0,0.5,0.0,0
1203,1.0,1.0,1.0,1.0,1.0,1.0,1
1204,1.0,1.0,1.0,0.75,0.75,1.0,1
1205,0.5,0.25,0.0,0.5,0.5,0.0,0
1206,0.0,0.0,0.5,0.0,0.5,0.25,0
1207,1.0,1.0,1.0,1.0,1.0,1.0,1
1208,0.5,0.5,0.25,0.75,0.75,0.75,1
1209,0.5,1.0,1.0,0.25,0.25,0.5,1
1210,1.0,1.0,1.0,0.75,1.0,1.0,1
1211,1.0,1.0,1.0,0.75,1.0,1.0,1
1212,0.75,0.75,0.75,0.75,0.5,0.75,1
1213,1.0,1.0,1.0,0.75,0.75,0.75,1
1214,0.75,0.5,0.75,0.5,0.75,0.5,1
1215,0.75,0.25,0.75,0.25,0.5,0.5,1
1216,1.0,0.25,0.0,0.0,0.5,0.0,0
1217,0.75,0.5,0.5,0.25,0.75,0.75,1
1218,0.5,0.5,0.5,0.25,0.75,0.5,1
1219,0.5,0.5,0.75,0.75,0.25,0.5,1
1220,0.5,0.0,0.0,0.0,0.75,0.0,0
1221,0.25,0.25,0.5,0.25,0.5,0.5,0
1222,0.75,0.75,0.5,0.75,0.0,0.75,1
1223,1.0,1.0,1.0,0.75,0.5,1.0,1
1224,0.25,0.0,0.5,0.25,0.25,0.25,0
1225,0.0,0.5,0.25,0.0,0.25,0.25,0
1226,0.0,0.0,0.75,0.25,0.5,0.75,1
1227,0.25,0.25,0.5,0.5,0.75,0.25,0
1228,1.0,1.0,1.0,1.0,1.0,1.0,1
1229,1.0,0.75,0.75,1.0,0.75,0.75,1
1230,0.75,1.0,0.25,1.0,0.5,0.5,1
1231,1.0,1.0,0.5,0.75,0.75,1.0,1
1232,0.25,0.0,0.5,0.0,0.0,0.0,0
1233,0.5,0.5,0.5,0.25,0.5,0.5,1
1234,0.75,0.5,0.5,0.25,0.75,0.75,1
1235,0.5,0.5,0.5,0.25,0.75,0.5,1
1236,0.75,0.5,0.75,0.5,0.25,0.75,1
1237,1.0,0.5,1.0,0.75,1.0,0.75,1
1238,1.0,0.75,0.75,0.75,0.75,0.75,1
1239,0.25,0.25,0.75,0.0,1.0,0.5,0
1240,0.5,0.25,1.0,0.75,0.5,0.5,0
1241,0.0,0.5,0.5,0.0,0.0,0.5,0
1242,0.25,0.5,0.5,0.5,0.25,0.5,1
1243,1.0,0.25,0.0,0.5,0.5,0.5,0
1244,0.75,0.5,0.75,0.5,0.0,0.5,0
1245,0.25,0.0,0.25,0.0,0.75,0.25,0
1246,0.25,0.25,0.75,0.0,0.0,0.5,0
1247,1.0,0.75,1.0,0.75,0.75,1.0,1
1248,1.0,0.75,0.75,0.75,1.0,0.75,1
1249,0.75,0.25,1.0,0.5,0.75,0.5,0
1250,0.5,0.25,0.75,0.25,0.75,0.75,1
1251,1.0,0.75,0.75,0.75,0.75,1.0,1
1252,0.0,0.0,0.25,0.5,0.5,0.25,0
1253,0.5,0.0,0.0,0.0,0.0,0.0,0
1254,1.0,1.0,0.25,1.0,0.75,1.0,1
1255,1.0,0.75,1.0,0.75,1.0,1.0,1
1256,0.25,0.5,0.5,0.25,0.5,0.5,0
1257,1.0,0.75,0.75,0.5,0.5,0.5,1
1258,0.0,0.0,0.0,0.5,0.5,0.5,0
1259,1.0,0.5,0.25,0.75,0.75,0.5,0
1260,0.5,0.5,1.0,0.25,0.5,1.0,1
1261,0.25,0.5,0.25,0.0,0.25,0.0,0
1262,0.75,0.75,0.75,0.75,0.75,0.75,1
1263,0.0,0.25,0.25,0.75,0.75,0.5,1
1264,0.5,0.25,0.75,0.5,0.75,0.75,1
1265,1.0,1.0,0.75,1.0,1.0,1.0,1
1266,0.75,0.5,0.0,0.25,0.0,0.25,0
1267,0.5,0.75,0.5,0.5,0.75,0.75,1
1268,0.75,0.75,1.0,0.75,1.0,0.75,1
1269,1.0,1.0,0.75,1.0,1.0,1.0,1
1270,1.0,0.75,0.5,0.5,0.75,0.75,1
1271,0.75,0.25,0.25,0.25,0.25,0.0,0
1272,0.0,0.25,0.75,0.25,0.25,0.5,0
1273,0.25,0.5,0.75,0.25,0.0,0.0,0
1274,1.0,0.75,0.25,0.25,0.25,0.5,0
1275,0.75,0.25,0.75,0.25,0.5,0.25,0
1276,0.75,0.75,0.5,0.75,0.75,0.75,1
1277,0.75,0.25,0.25,0.25,0.25,0.0,0
1278,0.75,0.5,0.75,0.75,0.0,0.25,0
1279,1.0,0.75,0.75,1.0,1.0,0.5,1
1280,0.25,0.25,0.0,0.25,0.75,0.0,0
1281,0.25,0.0,0.75,0.25,0.0,0.25,0
1282,1.0,1.0,0.75,0.75,0.75,0.75,1
1283,0.25,0.25,0.0,0.0,0.5,0.0,0
1284,1.0,0.5,0.75,0.75,0.75,0.75,1
1285,0.5,0.5,0.5,0.75,0.75,0.5,1
1286,0.0,0.25,0.75,0.0,0.5,0.25,0
1287,0.25,0.0,0.25,0.25,0.75,0.0,0
1288,0.5,0.75,0.0,0.25,0.5,0.0,0
1289,0.5,0.0,0.5,0.25,0.25,0.5,0
1290,0.75,0.75,0.75,0.75,0.75,1.0,1
1291,0.75,0.5,1.0,0.5,0.25,0.75,1
1292,0.75,0.5,0.5,0.5,0.75,0.5,1
1293,0.75,0.75,0.75,0.25,0.5,0.5,1
1294,0.25,0.25,0.5,0.25,0.0,0.5,1
1295,0.75,0.0,0.5,0.0,0.0,0.5,0
1296,0.75,0.75,0.0,0.75,0.75,0.25,0
1297,0.75,1.0,1.0,1.0,1.0,1.0,1
1298,0.75,0.75,0.5,0.5,0.5,0.25,0
1299,0.75,0.75,1.0,0.75,0.75,0.75,1
1300,0.5,0.75,0.75,0.75,0.5,0.5,1
1301,0.5,1.0,0.5,1.0,1.0,0.75,0
1302,1.0,1.0,0.75,0.25,0.5,0.5,1
1303,0.5,0.5,0.0,0.0,0.0,0.0,0
1304,0.25,0.0,0.75,0.0,0.75,0.75,1
1305,0.75,0.0,0.5,0.25,0.0,0.25,0
1306,0.5,0.0,0.0,0.25,0.0,0.0,0
1307,0.25,0.0,0.25,0.0,0.0,0.0,0
1308,0.5,1.0,0.75,0.5,0.75,0.5,1
1309,0.75,0.75,0.75,0.75,0.75,1.0,1
1310,0.25,0.0,0.5,0.25,0.25,0.25,0
1311,0.75,0.5,0.75,0.0,0.5,0.25,0
1312,1.0,1.0,1.0,1.0,1.0,1.0,1
1313,0.25,0.0,0.25,0.5,0.5,0.25,0
1314,0.75,0.25,0.0,0.0,0.0,0.25,0
1315,1.0,1.0,0.75,0.75,0.5,0.75,1
1316,1.0,1.0,1.0,0.5,1.0,0.75,1
1317,1.0,0.25,0.5,0.0,0.0,0.0,0
1318,1.0,0.25,0.25,0.0,0.25,0.0,0
1319,1.0,1.0,1.0,1.0,1.0,0.75,1
1320,1.0,0.5,0.75,0.25,0.75,1.0,0
1321,0.0,0.0,0.0,0.0,0.0,0.0,0
1322,0.25,0.0,0.5,0.0,0.25,0.5,0
1323,0.5,0.25,0.5,0.0,0.0,0.5,0
1324,0.25,0.0,0.5,0.0,0.0,0.25,0
1325,1.0,1.0,0.75,0.5,0.5,1.0,1
1326,1.0,1.0,1.0,0.5,1.0,1.0,1
1327,0.75,0.25,0.5,0.25,0.0,0.25,0
1328,0.75,0.5,0.5,0.5,0.5,0.5,1
1329,0.75,0.75,0.75,0.75,0.5,0.5,1
1330,0.0,0.0,0.0,0.0,0.0,0.0,0
1331,0.25,0.0,0.0,0.25,0.75,0.0,0
1332,0.0,0.5,0.0,0.25,0.0,0.0,0
1333,0.5,0.75,0.75,0.0,0.25,0.5,0
1334,0.0,0.0,0.5,0.25,0.0,0.0,0
1335,0.5,0.25,0.25,0.25,0.0,0.0,0
1336,0.0,0.0,0.0,0.0,0.0,0.25,0
1337,1.0,0.75,0.75,0.5,0.5,0.5,0
1338,0.0,0.0,0.0,0.0,0.0,0.0,0
1339,0.5,0.25,0.5,0.25,0.25,0.25,0
1340,0.75,0.75,0.75,0.75,0.5,0.25,0
1341,0.75,1.0,0.75,0.5,1.0,0.5,1
1342,1.0,0.75,0.25,0.5,0.0,0.25,0
1343,0.75,0.5,0.5,0.0,0.25,0.5,1
1344,0.0,0.0,0.0,0.0,0.0,0.0,0
1345,0.25,0.5,0.5,0.0,0.0,0.25,0
1346,1.0,0.25,0.75,0.25,1.0,0.75,1
1347,1.0,1.0,1.0,0.75,1.0,1.0,1
1348,0.25,0.25,0.5,0.25,0.5,0.25,0
1349,1.0,0.75,0.0,0.0,0.75,0.25,0
1350,0.75,0.5,0.5,0.5,0.25,0.5,0
1351,0.25,0.0,0.5,0.0,0.0,0.0,0
1352,0.75,0.0,0.0,0.0,0.0,0.0,0
1353,0.25,0.25,0.0,0.5,0.25,0.0,0
1354,0.25,0.25,0.25,0.0,0.5,0.5,0
1355,0.75,0.5,0.75,0.5,0.5,0.25,1
1356,0.25,0.25,0.0,0.0,0.25,0.0,0
1357,1.0,0.75,0.5,0.75,0.75,1.0,1
1358,0.75,0.25,0.0,0.5,0.75,0.5,1
1359,0.75,0.75,1.0,0.75,0.5,0.75,1
1360,0.0,0.0,0.5,0.75,0.25,0.0,0
1361,1.0,1.0,1.0,1.0,0.75,1.0,1
1362,0.5,0.5,0.0,0.5,0.5,0.25,0
1363,0.5,0.0,0.0,0.25,0.25,0.0,0
1364,0.5,0.5,0.0,0.0,0.0,0.0,0
1365,1.0,0.5,0.5,0.5,0.5,0.5,1
1366,0.5,0.25,0.5,0.5,0.0,0.0,0
1367,1.0,0.75,1.0,0.0,1.0,0.75,1
1368,1.0,1.0,1.0,1.0,1.0,1.0,1
1369,1.0,1.0,1.0,1.0,1.0,0.75,1
1370,0.75,0.25,0.5,0.5,0.0,0.25,0
1371,1.0,1.0,1.0,0.75,0.75,1.0,1
1372,0.5,0.25,0.25,0.25,0.75,1.0,1
1373,0.5,1.0,0.5,0.5,0.75,1.0,1
1374,0.25,0.75,0.25,0.75,0.5,0.5,0
1375,0.25,0.25,0.25,0.5,0.25,0.0,0
1376,0.75,0.75,0.75,0.25,0.75,0.5,1
1377,1.0,0.75,0.75,0.5,0.75,0.75,1
1378,0.0,0.0,0.0,0.25,0.0,0.0,0
1379,0.25,0.25,0.25,0.0,0.0,0.0,0
1380,0.5,0.25,0.5,0.5,0.25,0.5,1
1381,0.75,0.5,0.5,0.25,0.25,0.5,1
1382,0.25,0.0,0.25,0.0,0.0,0.0,0
1383,0.5,0.25,0.5,0.0,0.0,0.0,0
1384,0.0,0.0,0.25,0.5,0.25,0.25,0
1385,1.0,0.5,0.75,0.5,0.5,0.0,0
1386,1.0,0.75,1.0,0.75,0.25,0.5,0
1387,0.75,0.75,0.25,0.5,0.0,0.0,0
1388,0.0,0.25,1.0,0.25,0.25,0.0,0
1389,0.5,0.5,0.75,0.75,0.75,0.75,1
1390,0.0,0.5,0.25,0.0,0.75,0.0,0
1391,0.5,0.25,0.0,0.0,0.25,0.0,0
1392,0.25,0.75,0.5,0.75,0.0,0.75,0
1393,1.0,1.0,1.0,0.5,1.0,1.0,1
1394,1.0,1.0,1.0,0.5,1.0,1.0,1
1395,0.0,0.25,0.25,0.0,0.0,0.0,0
1396,1.0,0.75,1.0,0.75,1.0,1.0,1
1397,0.0,0.0,0.5,1.0,0.75,0.5,0
1398,0.5,0.5,0.75,0.75,0.25,0.75,0
1399,0.75,0.75,0.75,0.5,0.75,0.75,1
1400,0.25,0.5,0.5,0.75,0.75,0.5,1
1401,0.25,0.75,0.5,0.5,0.75,0.5,1
1402,1.0,0.75,1.0,0.75,1.0,1.0,1
1403,0.0,0.0,0.5,0.25,0.25,0.25,0
1404,1.0,0.5,0.75,0.75,0.75,1.0,1
1405,0.25,0.5,0.0,0.0,0.0,0.0,0
1406,1.0,1.0,1.0,0.5,1.0,1.0,1
1407,1.0,1.0,1.0,0.5,1.0,1.0,1
1408,0.5,0.0,0.5,0.0,0.25,0.25,0
1409,1.0,0.5,1.0,0.75,0.0,0.25,0
1410,1.0,0.75,0.75,0.5,0.5,1.0,1
1411,1.0,1.0,1.0,0.75,1.0,0.75,1
1412,1.0,0.75,1.0,1.0,0.75,0.5,1
1413,1.0,0.75,0.0,0.0,0.0,0.5,0
1414,1.0,0.75,0.75,0.0,1.0,1.0,1
1415,1.0,0.75,0.5,1.0,0.75,0.75,1
1416,0.75,0.0,0.5,0.0,0.0,0.0,0
1417,0.75,0.5,0.75,0.25,0.25,0.5,0
1418,0.25,0.25,0.25,0.5,0.25,0.25,0
1419,1.0,1.0,1.0,1.0,1.0,0.5,1
1420,0.25,0.0,0.0,0.0,0.0,0.25,0
1421,0.25,0.0,0.0,0.5,0.0,0.0,0
1422,1.0,0.5,0.75,1.0,0.75,1.0,1
1423,0.75,0.5,0.75,0.5,0.75,1.0,1
1424,0.25,0.25,0.5,0.5,0.5,0.0,0
1425,0.5,0.25,0.0,0.5,0.0,0.0,0
1426,1.0,0.25,0.25,0.25,0.25,0.25,0
1427,0.25,0.25,0.5,0.75,0.5,0.25,0
1428,1.0,0.75,0.75,0.75,0.25,0.75,1
1429,0.75,0.5,0.75,0.5,0.0,0.25,0
1430,1.0,1.0,1.0,0.75,0.75,1.0,1
1431,0.0,0.0,0.0,0.0,0.0,0.0,0
1432,1.0,0.75,0.75,1.0,1.0,0.5,1
1433,1.0,0.75,0.75,0.5,0.75,0.75,1
1434,0.5,0.5,0.5,0.75,0.75,0.5,1
1435,0.75,0.75,0.75,0.75,0.5,0.75,1
1436,0.5,0.25,0.5,0.0,0.0,0.0,0
